<?xml version="1.0" encoding="UTF-8"?>
<project-private xmlns="http://www.netbeans.org/ns/project-private/1">
    <editor-bookmarks xmlns="http://www.netbeans.org/ns/editor-bookmarks/2" lastBookmarkId="0"/>
    <open-files xmlns="http://www.netbeans.org/ns/projectui-open-files/2">
        <group>
            <file>file:/C:/Users/Hau/Documents/JWeb/PRJ321_haunvcse61546_lab6/web/META-INF/context.xml</file>
            <file>file:/C:/Users/Hau/Documents/JWeb/PRJ321_haunvcse61546_lab6/src/java/com/lab5/DBUltils/MSSQLUltil.java</file>
            <file>file:/C:/Users/Hau/Documents/JWeb/PRJ321_haunvcse61546_lab6/src/java/com/lab5/Account/AccountDAO.java</file>
            <file>file:/C:/Users/Hau/Documents/JWeb/PRJ321_haunvcse61546_lab6/src/java/com/lab5/Account/AccountDTO.java</file>
            <file>file:/C:/Users/Hau/Documents/JWeb/PRJ321_haunvcse61546_lab6/src/java/com/lab5/Account/Servlets/LoginServlet.java</file>
            <file>file:/C:/Users/Hau/Documents/JWeb/PRJ321_haunvcse61546_lab6/src/java/com/lab5/Account/Servlets/SearchServlet.java</file>
            <file>file:/C:/Users/Hau/Documents/JWeb/PRJ321_haunvcse61546_lab6/src/java/com/lab5/javaBeans/AccountBean.java</file>
        </group>
    </open-files>
</project-private>
