<?xml version="1.0" encoding="UTF-8"?>
<project-private xmlns="http://www.netbeans.org/ns/project-private/1">
    <editor-bookmarks xmlns="http://www.netbeans.org/ns/editor-bookmarks/2" lastBookmarkId="0"/>
    <open-files xmlns="http://www.netbeans.org/ns/projectui-open-files/2">
        <group>
            <file>file:/C:/Users/Hau/Documents/NetBeansProjects/PRJ321_haunvcse61546_lab4/web/index.html</file>
            <file>file:/C:/Users/Hau/Documents/NetBeansProjects/PRJ321_haunvcse61546_lab4/web/admin/index.html</file>
            <file>file:/C:/Users/Hau/Documents/NetBeansProjects/PRJ321_haunvcse61546_lab4/web/admin/login.html</file>
            <file>file:/C:/Users/Hau/Documents/NetBeansProjects/PRJ321_haunvcse61546_lab4/web/admin/invalid.html</file>
            <file>file:/C:/Users/Hau/Documents/NetBeansProjects/PRJ321_haunvcse61546_lab4/src/java/Controllers/AdminControllerServlet.java</file>
            <file>file:/C:/Users/Hau/Documents/NetBeansProjects/PRJ321_haunvcse61546_lab4/src/java/Authenrization/AuthServlet.java</file>
            <file>file:/C:/Users/Hau/Documents/NetBeansProjects/PRJ321_haunvcse61546_lab4/src/java/Authenrization/AuthError.java</file>
            <file>file:/C:/Users/Hau/Documents/NetBeansProjects/PRJ321_haunvcse61546_lab4/web/400.html</file>
            <file>file:/C:/Users/Hau/Documents/NetBeansProjects/PRJ321_haunvcse61546_lab4/src/java/adminResources/DashboardServlet.java</file>
            <file>file:/C:/Users/Hau/Documents/NetBeansProjects/PRJ321_haunvcse61546_lab4/src/java/Authenrization/ShowAuthErrorServlet.java</file>
        </group>
    </open-files>
</project-private>
