<?xml version="1.0" encoding="UTF-8"?>
<project-private xmlns="http://www.netbeans.org/ns/project-private/1">
    <open-files xmlns="http://www.netbeans.org/ns/projectui-open-files/2">
        <group>
            <file>file:/C:/Users/Hau/Documents/NetBeansProjects/PRJ321_haunvcse61546_lab1/web/index.jsp</file>
            <file>file:/C:/Users/Hau/Documents/NetBeansProjects/PRJ321_haunvcse61546_lab1/web/index.html</file>
            <file>file:/C:/Users/Hau/Documents/NetBeansProjects/PRJ321_haunvcse61546_lab1/web/addProducts.html</file>
        </group>
    </open-files>
</project-private>
