<?xml version="1.0" encoding="UTF-8"?>
<!DOCTYPE jboss PUBLIC
      "-//JBoss//DTD JBOSS 6.0//EN"
      "http://www.jboss.org/j2ee/dtd/jboss_6_0.dtd">
<jboss>
  <enterprise-beans>
    <session>
      <ejb-name>LoginSessionBean</ejb-name>
      <jndi-name>LoginJNDI</jndi-name>
      <local-jndi-name>LoginLocalJNDI</local-jndi-name>
      <resource-ref>
        <res-ref-name>dataSource</res-ref-name>
        <jndi-name>java:/UserTbJNDI</jndi-name>
      </resource-ref>
    </session>
    <session>
        <ejb-name>CartSessionBean</ejb-name>
        <jndi-name>CartJNDI</jndi-name>
        <local-jndi-name>CartLocalJNDI</local-jndi-name>
    </session>
  </enterprise-beans>
</jboss>
